metric,baseline_mean,baseline_std,variant_mean,variant_std,p_value_ttest,p_value_mannwhitney,cohens_d,pct_improvement,significant_0.05,significant_0.01
final_best_fitness,81.63842993333333,1.7414622423527297,84.32642186666665,3.9803738169555376,0.028166592583917443,0.03808828420629213,0.8749580072121962,3.2925571149866064,True,False
trials_to_threshold,,,43.75,,,,,,False,
stability_variance,0.08993990734765604,0.22849293592675754,0.07366998685045777,0.27298355431802945,0.865448837949931,0.35021387108781854,-0.06463419608756531,-18.089767909486614,False,False
stability_cv,0.0015251810385581476,0.0033797571852385916,0.0009221697383075479,0.003128150057979813,0.6279966062945584,0.24495939082649443,-0.18517815707904983,-39.53703101506332,False,False
