{
  "analysis_timestamp": "2025-12-10T09:40:29.345318Z",
  "baseline_label": "GA",
  "variant_label": "BO",
  "convergence_threshold": 86.27127300000001,
  "baseline_final_best_mean": 81.63842993333333,
  "baseline_final_best_std": 1.8025846745140903,
  "variant_final_best_mean": 84.32642186666665,
  "variant_final_best_std": 4.120078326583627,
  "baseline_mean_trials_to_threshold": NaN,
  "variant_mean_trials_to_threshold": 43.75,
  "baseline_mean_variance": 0.08993990734765604,
  "variant_mean_variance": 0.07366998685045777,
  "statistical_tests": [
    {
      "metric": "final_best_fitness",
      "baseline_mean": 81.63842993333333,
      "baseline_std": 1.7414622423527297,
      "variant_mean": 84.32642186666665,
      "variant_std": 3.9803738169555376,
      "p_value_ttest": 0.028166592583917443,
      "p_value_mannwhitney": 0.03808828420629213,
      "cohens_d": 0.8749580072121962,
      "pct_improvement": 3.2925571149866064,
      "significant_0.05": true,
      "significant_0.01": false
    },
    {
      "metric": "trials_to_threshold",
      "baseline_mean": NaN,
      "variant_mean": 43.75,
      "p_value_ttest": NaN,
      "p_value_mannwhitney": NaN,
      "cohens_d": NaN,
      "significant_0.05": false
    },
    {
      "metric": "stability_variance",
      "baseline_mean": 0.08993990734765604,
      "baseline_std": 0.22849293592675754,
      "variant_mean": 0.07366998685045777,
      "variant_std": 0.27298355431802945,
      "p_value_ttest": 0.865448837949931,
      "p_value_mannwhitney": 0.35021387108781854,
      "cohens_d": -0.06463419608756531,
      "pct_improvement": -18.089767909486614,
      "significant_0.05": false,
      "significant_0.01": false
    },
    {
      "metric": "stability_cv",
      "baseline_mean": 0.0015251810385581476,
      "baseline_std": 0.0033797571852385916,
      "variant_mean": 0.0009221697383075479,
      "variant_std": 0.003128150057979813,
      "p_value_ttest": 0.6279966062945584,
      "p_value_mannwhitney": 0.24495939082649443,
      "cohens_d": -0.18517815707904983,
      "pct_improvement": -39.53703101506332,
      "significant_0.05": false,
      "significant_0.01": false
    }
  ]
}