metric,baseline_mean,baseline_std,variant_mean,variant_std,p_value_ttest,p_value_mannwhitney,cohens_d,pct_improvement,significant_0.05,significant_0.01
final_best_fitness,130.88713913333333,6.33186551799003,123.87667773333331,7.24328993970725,0.010918474590054954,0.01140098291155517,-1.030516995695417,-5.356111720692851,True,False
trials_to_threshold,67.25,19.0836972308827,47.5,20.5,0.39517843871023345,0.5333333333333333,-0.9972474267127754,-29.36802973977695,False,False
stability_variance,2.9306001578465137,4.641382912149736,3.0486212330131917,5.963473466769287,0.9538159383117427,0.3703202976565473,0.0220869516858132,4.027198144062173,False,False
stability_cv,0.008439502204181305,0.010010252765950342,0.007807904302595717,0.011951469107632959,0.8805992410737501,0.5064416741822517,-0.05729468279139983,-7.483828859866485,False,False
