metric,baseline_mean,baseline_std,variant_mean,variant_std,p_value_ttest,p_value_mannwhitney,cohens_d,pct_improvement,significant_0.05,significant_0.01
final_best_fitness,97.4315478,0.13758554019867245,97.94609679999999,0.31884913217051947,6.284207004711252e-06,3.356755084154065e-05,2.0954528625437563,0.5281133386654339,True,True
trials_to_threshold,6.0,0.0,21.0,0.0,0.0,8.265685662204696e-08,,250.0,True,True
stability_variance,0.0029329243291069114,0.00676427134791905,0.0034879189368728887,0.006416230727126235,0.8253601842276181,0.8836580973445871,0.0841851421779228,18.92290920219465,False,False
stability_cv,0.0003007045263553465,0.000467440053945223,0.0003508159523223613,0.0004926709617605178,0.7845095757555282,0.8519177555606353,0.10435070690291576,16.664672984601985,False,False
